Spectrum Name:						
Description:						
Student ID:						
Detector Used:						
Comments:						
Acquisition Mode:	PHA Direct In					
High Voltage:	0					
Conversion Gain:	1024					
Coarse Gain:	4					
Fine Gain:	1.45					
Upper Discriminator:	1					
Lower Discriminator:	0					
Calibration Coefficients:	0.098675676	0.001432432				
Calibration Channels:	750	861				
Calibration Energies:	1.173	1.332				
Elapsed Real Time:	386.24					
Elapsed Live Time:	300					
Start Time:	"noviembre 14, 2024, 05:01:11"					
End Time:	"noviembre 14, 2024, 05:07:37"					
ROIs:						
ROI:	Low	High	Gross	Net	FWHM	Centroid
						
1	431	663	31021	-20939	3	0
2	196	244	2228493	319941	27	0
3	34	58	1260246	188138	16	0
						
Channel Data:						
Channel	Energy	Counts				
0	0.098675676	0				
1	0.100108108	0				
2	0.101540541	0				
3	0.102972973	0				
4	0.104405405	2				
5	0.105837838	0				
6	0.10727027	2				
7	0.108702703	14				
8	0.110135135	56				
9	0.111567568	110				
10	0.113	652				
11	0.114432432	784				
12	0.115864865	490				
13	0.117297297	477				
14	0.11872973	614				
15	0.120162162	1150				
16	0.121594595	22216				
17	0.123027027	101037				
18	0.124459459	104511				
19	0.125891892	100492				
20	0.127324324	95462				
21	0.128756757	89253				
22	0.130189189	81614				
23	0.131621622	73578				
24	0.133054054	67322				
25	0.134486486	61183				
26	0.135918919	56406				
27	0.137351351	52746				
28	0.138783784	50979				
29	0.140216216	49597				
30	0.141648649	49108				
31	0.143081081	48239				
32	0.144513514	48343				
33	0.145945946	48714				
34	0.147378378	49306				
35	0.148810811	50209				
36	0.150243243	49898				
37	0.151675676	51387				
38	0.153108108	51901				
39	0.154540541	52266				
40	0.155972973	52956				
41	0.157405405	53835				
42	0.158837838	55061				
43	0.16027027	55806				
44	0.161702703	56425				
45	0.163135135	56500				
46	0.164567568	55996				
47	0.166	55546				
48	0.167432432	55066				
49	0.168864865	54425				
50	0.170297297	52795				
51	0.17172973	51297				
52	0.173162162	49251				
53	0.174594595	47475				
54	0.176027027	44970				
55	0.177459459	42400				
56	0.178891892	40574				
57	0.180324324	38511				
58	0.181756757	36390				
59	0.183189189	34184				
60	0.184621622	32407				
61	0.186054054	31110				
62	0.187486486	29152				
63	0.188918919	27648				
64	0.190351351	26207				
65	0.191783784	25019				
66	0.193216216	23793				
67	0.194648649	22479				
68	0.196081081	21203				
69	0.197513514	20354				
70	0.198945946	18992				
71	0.200378378	18069				
72	0.201810811	17187				
73	0.203243243	16011				
74	0.204675676	14956				
75	0.206108108	14118				
76	0.207540541	13262				
77	0.208972973	12434				
78	0.210405405	11703				
79	0.211837838	11095				
80	0.21327027	10501				
81	0.214702703	9647				
82	0.216135135	9122				
83	0.217567568	8619				
84	0.219	8285				
85	0.220432432	7928				
86	0.221864865	7541				
87	0.223297297	7167				
88	0.22472973	6934				
89	0.226162162	6945				
90	0.227594595	6767				
91	0.229027027	6641				
92	0.230459459	6466				
93	0.231891892	6253				
94	0.233324324	6215				
95	0.234756757	6132				
96	0.236189189	6076				
97	0.237621622	6060				
98	0.239054054	5921				
99	0.240486486	5720				
100	0.241918919	5752				
101	0.243351351	5602				
102	0.244783784	5648				
103	0.246216216	5697				
104	0.247648649	5470				
105	0.249081081	5447				
106	0.250513514	5481				
107	0.251945946	5558				
108	0.253378378	5360				
109	0.254810811	5374				
110	0.256243243	5271				
111	0.257675676	5343				
112	0.259108108	5402				
113	0.260540541	5245				
114	0.261972973	5004				
115	0.263405405	5170				
116	0.264837838	5002				
117	0.26627027	5055				
118	0.267702703	5077				
119	0.269135135	4983				
120	0.270567568	4965				
121	0.272	5042				
122	0.273432432	4855				
123	0.274864865	4947				
124	0.276297297	4958				
125	0.27772973	4997				
126	0.279162162	4926				
127	0.280594595	4985				
128	0.282027027	4965				
129	0.283459459	5073				
130	0.284891892	5075				
131	0.286324324	5005				
132	0.287756757	4971				
133	0.289189189	4905				
134	0.290621622	5035				
135	0.292054054	4969				
136	0.293486486	4946				
137	0.294918919	5119				
138	0.296351351	5149				
139	0.297783784	5164				
140	0.299216216	5242				
141	0.300648649	5448				
142	0.302081081	5264				
143	0.303513514	5352				
144	0.304945946	5440				
145	0.306378378	5706				
146	0.307810811	5681				
147	0.309243243	5593				
148	0.310675676	5850				
149	0.312108108	5987				
150	0.313540541	6126				
151	0.314972973	6260				
152	0.316405405	6530				
153	0.317837838	6811				
154	0.31927027	6826				
155	0.320702703	7018				
156	0.322135135	7282				
157	0.323567568	7487				
158	0.325	7867				
159	0.326432432	8069				
160	0.327864865	8481				
161	0.329297297	8772				
162	0.33072973	9151				
163	0.332162162	9619				
164	0.333594595	10011				
165	0.335027027	10427				
166	0.336459459	10968				
167	0.337891892	11338				
168	0.339324324	11705				
169	0.340756757	12439				
170	0.342189189	13123				
171	0.343621622	13499				
172	0.345054054	13881				
173	0.346486486	14595				
174	0.347918919	15132				
175	0.349351351	15681				
176	0.350783784	16200				
177	0.352216216	16869				
178	0.353648649	17515				
179	0.355081081	17928				
180	0.356513514	18706				
181	0.357945946	18860				
182	0.359378378	19456				
183	0.360810811	19994				
184	0.362243243	20756				
185	0.363675676	21375				
186	0.365108108	21836				
187	0.366540541	22484				
188	0.367972973	23146				
189	0.369405405	23796				
190	0.370837838	24355				
191	0.37227027	24729				
192	0.373702703	25553				
193	0.375135135	26336				
194	0.376567568	26973				
195	0.378	27752				
196	0.379432432	28127				
197	0.380864865	29236				
198	0.382297297	29845				
199	0.38372973	30049				
200	0.385162162	31107				
201	0.386594595	32189				
202	0.388027027	33203				
203	0.389459459	33578				
204	0.390891892	34129				
205	0.392324324	35651				
206	0.393756757	36084				
207	0.395189189	36786				
208	0.396621622	38288				
209	0.398054054	38954				
210	0.399486486	40498				
211	0.400918919	40867				
212	0.402351351	42314				
213	0.403783784	42440				
214	0.405216216	44105				
215	0.406648649	45103				
216	0.408081081	45597				
217	0.409513514	46837				
218	0.410945946	47737				
219	0.412378378	48567				
220	0.413810811	49488				
221	0.415243243	50377				
222	0.416675676	50575				
223	0.418108108	51248				
224	0.419540541	52070				
225	0.420972973	52909				
226	0.422405405	53188				
227	0.423837838	53859				
228	0.42527027	54066				
229	0.426702703	54553				
230	0.428135135	54242				
231	0.429567568	54309				
232	0.431	54636				
233	0.432432432	54439				
234	0.433864865	54889				
235	0.435297297	54211				
236	0.43672973	53615				
237	0.438162162	53549				
238	0.439594595	52998				
239	0.441027027	52414				
240	0.442459459	53012				
241	0.443891892	51672				
242	0.445324324	50791				
243	0.446756757	50497				
244	0.448189189	49595				
245	0.449621622	48498				
246	0.451054054	47533				
247	0.452486486	46470				
248	0.453918919	45653				
249	0.455351351	44834				
250	0.456783784	43704				
251	0.458216216	42624				
252	0.459648649	41354				
253	0.461081081	40486				
254	0.462513514	39533				
255	0.463945946	38658				
256	0.465378378	37349				
257	0.466810811	36325				
258	0.468243243	35391				
259	0.469675676	34427				
260	0.471108108	33101				
261	0.472540541	32541				
262	0.473972973	31559				
263	0.475405405	30381				
264	0.476837838	29076				
265	0.47827027	28613				
266	0.479702703	27547				
267	0.481135135	26924				
268	0.482567568	25676				
269	0.484	24761				
270	0.485432432	23936				
271	0.486864865	23273				
272	0.488297297	22693				
273	0.48972973	21581				
274	0.491162162	20972				
275	0.492594595	20147				
276	0.494027027	19511				
277	0.495459459	18797				
278	0.496891892	18085				
279	0.498324324	17882				
280	0.499756757	17269				
281	0.501189189	16290				
282	0.502621622	15706				
283	0.504054054	15417				
284	0.505486486	14740				
285	0.506918919	14212				
286	0.508351351	13754				
287	0.509783784	13332				
288	0.511216216	12710				
289	0.512648649	12221				
290	0.514081081	11889				
291	0.515513514	11398				
292	0.516945946	10922				
293	0.518378378	10348				
294	0.519810811	9833				
295	0.521243243	9534				
296	0.522675676	9120				
297	0.524108108	8881				
298	0.525540541	8342				
299	0.526972973	7996				
300	0.528405405	7733				
301	0.529837838	7287				
302	0.53127027	6950				
303	0.532702703	6555				
304	0.534135135	6371				
305	0.535567568	5929				
306	0.537	5524				
307	0.538432432	5352				
308	0.539864865	5181				
309	0.541297297	4916				
310	0.54272973	4526				
311	0.544162162	4456				
312	0.545594595	4113				
313	0.547027027	3849				
314	0.548459459	3691				
315	0.549891892	3486				
316	0.551324324	3386				
317	0.552756757	3001				
318	0.554189189	2950				
319	0.555621622	2868				
320	0.557054054	2647				
321	0.558486486	2389				
322	0.559918919	2266				
323	0.561351351	2199				
324	0.562783784	2008				
325	0.564216216	1882				
326	0.565648649	1748				
327	0.567081081	1729				
328	0.568513514	1636				
329	0.569945946	1534				
330	0.571378378	1507				
331	0.572810811	1379				
332	0.574243243	1288				
333	0.575675676	1158				
334	0.577108108	1161				
335	0.578540541	1075				
336	0.579972973	1073				
337	0.581405405	1036				
338	0.582837838	921				
339	0.58427027	897				
340	0.585702703	877				
341	0.587135135	851				
342	0.588567568	794				
343	0.59	723				
344	0.591432432	694				
345	0.592864865	749				
346	0.594297297	703				
347	0.59572973	613				
348	0.597162162	613				
349	0.598594595	541				
350	0.600027027	576				
351	0.601459459	608				
352	0.602891892	571				
353	0.604324324	557				
354	0.605756757	515				
355	0.607189189	497				
356	0.608621622	500				
357	0.610054054	560				
358	0.611486486	522				
359	0.612918919	466				
360	0.614351351	490				
361	0.615783784	469				
362	0.617216216	457				
363	0.618648649	478				
364	0.620081081	454				
365	0.621513514	427				
366	0.622945946	436				
367	0.624378378	483				
368	0.625810811	418				
369	0.627243243	397				
370	0.628675676	443				
371	0.630108108	390				
372	0.631540541	418				
373	0.632972973	436				
374	0.634405405	422				
375	0.635837838	461				
376	0.63727027	431				
377	0.638702703	454				
378	0.640135135	427				
379	0.641567568	447				
380	0.643	430				
381	0.644432432	436				
382	0.645864865	424				
383	0.647297297	422				
384	0.64872973	424				
385	0.650162162	458				
386	0.651594595	404				
387	0.653027027	456				
388	0.654459459	427				
389	0.655891892	415				
390	0.657324324	451				
391	0.658756757	433				
392	0.660189189	434				
393	0.661621622	401				
394	0.663054054	444				
395	0.664486486	398				
396	0.665918919	394				
397	0.667351351	411				
398	0.668783784	428				
399	0.670216216	443				
400	0.671648649	424				
401	0.673081081	440				
402	0.674513514	446				
403	0.675945946	454				
404	0.677378378	391				
405	0.678810811	422				
406	0.680243243	423				
407	0.681675676	428				
408	0.683108108	423				
409	0.684540541	452				
410	0.685972973	479				
411	0.687405405	421				
412	0.688837838	427				
413	0.69027027	432				
414	0.691702703	435				
415	0.693135135	458				
416	0.694567568	395				
417	0.696	449				
418	0.697432432	424				
419	0.698864865	422				
420	0.700297297	470				
421	0.70172973	438				
422	0.703162162	454				
423	0.704594595	420				
424	0.706027027	404				
425	0.707459459	454				
426	0.708891892	439				
427	0.710324324	462				
428	0.711756757	447				
429	0.713189189	471				
430	0.714621622	464				
431	0.716054054	411				
432	0.717486486	453				
433	0.718918919	382				
434	0.720351351	434				
435	0.721783784	406				
436	0.723216216	400				
437	0.724648649	440				
438	0.726081081	469				
439	0.727513514	426				
440	0.728945946	402				
441	0.730378378	416				
442	0.731810811	400				
443	0.733243243	407				
444	0.734675676	365				
445	0.736108108	385				
446	0.737540541	428				
447	0.738972973	413				
448	0.740405405	421				
449	0.741837838	397				
450	0.74327027	367				
451	0.744702703	348				
452	0.746135135	403				
453	0.747567568	442				
454	0.749	401				
455	0.750432432	385				
456	0.751864865	376				
457	0.753297297	389				
458	0.75472973	371				
459	0.756162162	411				
460	0.757594595	339				
461	0.759027027	370				
462	0.760459459	379				
463	0.761891892	376				
464	0.763324324	370				
465	0.764756757	385				
466	0.766189189	357				
467	0.767621622	369				
468	0.769054054	360				
469	0.770486486	372				
470	0.771918919	382				
471	0.773351351	333				
472	0.774783784	350				
473	0.776216216	315				
474	0.777648649	322				
475	0.779081081	351				
476	0.780513514	277				
477	0.781945946	334				
478	0.783378378	325				
479	0.784810811	333				
480	0.786243243	331				
481	0.787675676	259				
482	0.789108108	252				
483	0.790540541	296				
484	0.791972973	278				
485	0.793405405	277				
486	0.794837838	264				
487	0.79627027	267				
488	0.797702703	284				
489	0.799135135	306				
490	0.800567568	250				
491	0.802	286				
492	0.803432432	229				
493	0.804864865	262				
494	0.806297297	238				
495	0.80772973	237				
496	0.809162162	242				
497	0.810594595	230				
498	0.812027027	215				
499	0.813459459	221				
500	0.814891892	194				
501	0.816324324	194				
502	0.817756757	198				
503	0.819189189	170				
504	0.820621622	184				
505	0.822054054	168				
506	0.823486486	184				
507	0.824918919	183				
508	0.826351351	152				
509	0.827783784	143				
510	0.829216216	144				
511	0.830648649	163				
512	0.832081081	145				
513	0.833513514	165				
514	0.834945946	141				
515	0.836378378	147				
516	0.837810811	135				
517	0.839243243	116				
518	0.840675676	120				
519	0.842108108	115				
520	0.843540541	127				
521	0.844972973	137				
522	0.846405405	120				
523	0.847837838	114				
524	0.84927027	121				
525	0.850702703	98				
526	0.852135135	102				
527	0.853567568	96				
528	0.855	107				
529	0.856432432	102				
530	0.857864865	82				
531	0.859297297	93				
532	0.86072973	64				
533	0.862162162	84				
534	0.863594595	72				
535	0.865027027	92				
536	0.866459459	68				
537	0.867891892	71				
538	0.869324324	70				
539	0.870756757	70				
540	0.872189189	59				
541	0.873621622	70				
542	0.875054054	63				
543	0.876486486	60				
544	0.877918919	56				
545	0.879351351	43				
546	0.880783784	50				
547	0.882216216	42				
548	0.883648649	55				
549	0.885081081	34				
550	0.886513514	50				
551	0.887945946	32				
552	0.889378378	33				
553	0.890810811	47				
554	0.892243243	39				
555	0.893675676	42				
556	0.895108108	32				
557	0.896540541	32				
558	0.897972973	30				
559	0.899405405	43				
560	0.900837838	27				
561	0.90227027	37				
562	0.903702703	33				
563	0.905135135	30				
564	0.906567568	24				
565	0.908	30				
566	0.909432432	26				
567	0.910864865	19				
568	0.912297297	20				
569	0.91372973	23				
570	0.915162162	24				
571	0.916594595	28				
572	0.918027027	19				
573	0.919459459	24				
574	0.920891892	18				
575	0.922324324	19				
576	0.923756757	22				
577	0.925189189	15				
578	0.926621622	9				
579	0.928054054	21				
580	0.929486486	15				
581	0.930918919	19				
582	0.932351351	18				
583	0.933783784	6				
584	0.935216216	14				
585	0.936648649	9				
586	0.938081081	15				
587	0.939513514	14				
588	0.940945946	10				
589	0.942378378	15				
590	0.943810811	18				
591	0.945243243	11				
592	0.946675676	10				
593	0.948108108	8				
594	0.949540541	9				
595	0.950972973	13				
596	0.952405405	7				
597	0.953837838	4				
598	0.95527027	17				
599	0.956702703	9				
600	0.958135135	7				
601	0.959567568	13				
602	0.961	4				
603	0.962432432	10				
604	0.963864865	3				
605	0.965297297	7				
606	0.96672973	6				
607	0.968162162	10				
608	0.969594595	7				
609	0.971027027	5				
610	0.972459459	10				
611	0.973891892	9				
612	0.975324324	6				
613	0.976756757	6				
614	0.978189189	13				
615	0.979621622	6				
616	0.981054054	8				
617	0.982486486	7				
618	0.983918919	6				
619	0.985351351	5				
620	0.986783784	8				
621	0.988216216	6				
622	0.989648649	7				
623	0.991081081	3				
624	0.992513514	3				
625	0.993945946	10				
626	0.995378378	10				
627	0.996810811	7				
628	0.998243243	4				
629	0.999675676	6				
630	1.001108108	2				
631	1.002540541	4				
632	1.003972973	7				
633	1.005405405	2				
634	1.006837838	5				
635	1.00827027	2				
636	1.009702703	10				
637	1.011135135	2				
638	1.012567568	4				
639	1.014	4				
640	1.015432432	9				
641	1.016864865	5				
642	1.018297297	6				
643	1.01972973	5				
644	1.021162162	7				
645	1.022594595	5				
646	1.024027027	7				
647	1.025459459	2				
648	1.026891892	2				
649	1.028324324	7				
650	1.029756757	6				
651	1.031189189	3				
652	1.032621622	5				
653	1.034054054	6				
654	1.035486486	3				
655	1.036918919	3				
656	1.038351351	8				
657	1.039783784	6				
658	1.041216216	2				
659	1.042648649	1				
660	1.044081081	3				
661	1.045513514	9				
662	1.046945946	5				
663	1.048378378	9				
664	1.049810811	3				
665	1.051243243	4				
666	1.052675676	5				
667	1.054108108	4				
668	1.055540541	5				
669	1.056972973	4				
670	1.058405405	6				
671	1.059837838	2				
672	1.06127027	5				
673	1.062702703	3				
674	1.064135135	1				
675	1.065567568	6				
676	1.067	1				
677	1.068432432	4				
678	1.069864865	6				
679	1.071297297	7				
680	1.07272973	2				
681	1.074162162	4				
682	1.075594595	1				
683	1.077027027	5				
684	1.078459459	3				
685	1.079891892	3				
686	1.081324324	3				
687	1.082756757	3				
688	1.084189189	5				
689	1.085621622	2				
690	1.087054054	5				
691	1.088486486	3				
692	1.089918919	1				
693	1.091351351	2				
694	1.092783784	3				
695	1.094216216	4				
696	1.095648649	0				
697	1.097081081	4				
698	1.098513514	3				
699	1.099945946	2				
700	1.101378378	3				
701	1.102810811	4				
702	1.104243243	2				
703	1.105675676	0				
704	1.107108108	3				
705	1.108540541	3				
706	1.109972973	2				
707	1.111405405	3				
708	1.112837838	1				
709	1.11427027	2				
710	1.115702703	2				
711	1.117135135	4				
712	1.118567568	0				
713	1.12	0				
714	1.121432432	1				
715	1.122864865	3				
716	1.124297297	1				
717	1.12572973	5				
718	1.127162162	2				
719	1.128594595	4				
720	1.130027027	3				
721	1.131459459	4				
722	1.132891892	2				
723	1.134324324	3				
724	1.135756757	1				
725	1.137189189	6				
726	1.138621622	2				
727	1.140054054	5				
728	1.141486486	4				
729	1.142918919	1				
730	1.144351351	2				
731	1.145783784	3				
732	1.147216216	1				
733	1.148648649	0				
734	1.150081081	3				
735	1.151513514	1				
736	1.152945946	1				
737	1.154378378	3				
738	1.155810811	1				
739	1.157243243	4				
740	1.158675676	1				
741	1.160108108	2				
742	1.161540541	2				
743	1.162972973	3				
744	1.164405405	1				
745	1.165837838	1				
746	1.16727027	2				
747	1.168702703	1				
748	1.170135135	2				
749	1.171567568	3				
750	1.173	1				
751	1.174432432	1				
752	1.175864865	1				
753	1.177297297	1				
754	1.17872973	2				
755	1.180162162	1				
756	1.181594595	2				
757	1.183027027	4				
758	1.184459459	1				
759	1.185891892	1				
760	1.187324324	2				
761	1.188756757	0				
762	1.190189189	4				
763	1.191621622	3				
764	1.193054054	3				
765	1.194486486	1				
766	1.195918919	0				
767	1.197351351	3				
768	1.198783784	2				
769	1.200216216	1				
770	1.201648649	2				
771	1.203081081	1				
772	1.204513514	0				
773	1.205945946	2				
774	1.207378378	4				
775	1.208810811	0				
776	1.210243243	0				
777	1.211675676	2				
778	1.213108108	3				
779	1.214540541	0				
780	1.215972973	1				
781	1.217405405	1				
782	1.218837838	2				
783	1.22027027	1				
784	1.221702703	1				
785	1.223135135	3				
786	1.224567568	1				
787	1.226	0				
788	1.227432432	1				
789	1.228864865	0				
790	1.230297297	0				
791	1.23172973	1				
792	1.233162162	0				
793	1.234594595	2				
794	1.236027027	3				
795	1.237459459	0				
796	1.238891892	0				
797	1.240324324	1				
798	1.241756757	1				
799	1.243189189	2				
800	1.244621622	0				
801	1.246054054	1				
802	1.247486486	1				
803	1.248918919	1				
804	1.250351351	0				
805	1.251783784	2				
806	1.253216216	1				
807	1.254648649	3				
808	1.256081081	1				
809	1.257513514	1				
810	1.258945946	3				
811	1.260378378	1				
812	1.261810811	0				
813	1.263243243	2				
814	1.264675676	1				
815	1.266108108	0				
816	1.267540541	0				
817	1.268972973	1				
818	1.270405405	1				
819	1.271837838	3				
820	1.27327027	1				
821	1.274702703	1				
822	1.276135135	0				
823	1.277567568	0				
824	1.279	0				
825	1.280432432	0				
826	1.281864865	1				
827	1.283297297	1				
828	1.28472973	2				
829	1.286162162	2				
830	1.287594595	3				
831	1.289027027	2				
832	1.290459459	3				
833	1.291891892	1				
834	1.293324324	1				
835	1.294756757	2				
836	1.296189189	3				
837	1.297621622	1				
838	1.299054054	0				
839	1.300486486	1				
840	1.301918919	1				
841	1.303351351	0				
842	1.304783784	0				
843	1.306216216	0				
844	1.307648649	0				
845	1.309081081	0				
846	1.310513514	1				
847	1.311945946	0				
848	1.313378378	1				
849	1.314810811	0				
850	1.316243243	1				
851	1.317675676	1				
852	1.319108108	0				
853	1.320540541	0				
854	1.321972973	0				
855	1.323405405	1				
856	1.324837838	0				
857	1.32627027	2				
858	1.327702703	1				
859	1.329135135	2				
860	1.330567568	1				
861	1.332	1				
862	1.333432432	2				
863	1.334864865	1				
864	1.336297297	0				
865	1.33772973	2				
866	1.339162162	0				
867	1.340594595	1				
868	1.342027027	1				
869	1.343459459	2				
870	1.344891892	1				
871	1.346324324	4				
872	1.347756757	0				
873	1.349189189	0				
874	1.350621622	0				
875	1.352054054	0				
876	1.353486486	0				
877	1.354918919	0				
878	1.356351351	4				
879	1.357783784	0				
880	1.359216216	0				
881	1.360648649	1				
882	1.362081081	0				
883	1.363513514	2				
884	1.364945946	3				
885	1.366378378	1				
886	1.367810811	1				
887	1.369243243	0				
888	1.370675676	0				
889	1.372108108	2				
890	1.373540541	2				
891	1.374972973	0				
892	1.376405405	3				
893	1.377837838	3				
894	1.37927027	3				
895	1.380702703	1				
896	1.382135135	1				
897	1.383567568	0				
898	1.385	2				
899	1.386432432	2				
900	1.387864865	1				
901	1.389297297	0				
902	1.39072973	1				
903	1.392162162	1				
904	1.393594595	0				
905	1.395027027	1				
906	1.396459459	0				
907	1.397891892	1				
908	1.399324324	3				
909	1.400756757	2				
910	1.402189189	0				
911	1.403621622	2				
912	1.405054054	3				
913	1.406486486	2				
914	1.407918919	2				
915	1.409351351	5				
916	1.410783784	1				
917	1.412216216	2				
918	1.413648649	3				
919	1.415081081	0				
920	1.416513514	2				
921	1.417945946	1				
922	1.419378378	5				
923	1.420810811	4				
924	1.422243243	1				
925	1.423675676	1				
926	1.425108108	1				
927	1.426540541	5				
928	1.427972973	3				
929	1.429405405	1				
930	1.430837838	2				
931	1.43227027	2				
932	1.433702703	2				
933	1.435135135	2				
934	1.436567568	1				
935	1.438	0				
936	1.439432432	2				
937	1.440864865	2				
938	1.442297297	0				
939	1.44372973	4				
940	1.445162162	1				
941	1.446594595	1				
942	1.448027027	1				
943	1.449459459	1				
944	1.450891892	4				
945	1.452324324	4				
946	1.453756757	1				
947	1.455189189	0				
948	1.456621622	1				
949	1.458054054	2				
950	1.459486486	7				
951	1.460918919	3				
952	1.462351351	3				
953	1.463783784	0				
954	1.465216216	0				
955	1.466648649	2				
956	1.468081081	9				
957	1.469513514	3				
958	1.470945946	2				
959	1.472378378	3				
960	1.473810811	2				
961	1.475243243	1				
962	1.476675676	1				
963	1.478108108	5				
964	1.479540541	1				
965	1.480972973	1				
966	1.482405405	3				
967	1.483837838	2				
968	1.48527027	6				
969	1.486702703	1				
970	1.488135135	4				
971	1.489567568	4				
972	1.491	0				
973	1.492432432	1				
974	1.493864865	2				
975	1.495297297	2				
976	1.49672973	2				
977	1.498162162	5				
978	1.499594595	1				
979	1.501027027	4				
980	1.502459459	4				
981	1.503891892	5				
982	1.505324324	4				
983	1.506756757	1				
984	1.508189189	3				
985	1.509621622	0				
986	1.511054054	0				
987	1.512486486	1				
988	1.513918919	0				
989	1.515351351	0				
990	1.516783784	3				
991	1.518216216	1				
992	1.519648649	2				
993	1.521081081	1				
994	1.522513514	0				
995	1.523945946	3				
996	1.525378378	2				
997	1.526810811	2				
998	1.528243243	2				
999	1.529675676	1				
1000	1.531108108	2				
1001	1.532540541	1				
1002	1.533972973	0				
1003	1.535405405	2				
1004	1.536837838	1				
1005	1.53827027	1				
1006	1.539702703	3				
1007	1.541135135	3				
1008	1.542567568	1				
1009	1.544	1				
1010	1.545432432	2				
1011	1.546864865	1				
1012	1.548297297	0				
1013	1.54972973	2				
1014	1.551162162	0				
1015	1.552594595	0				
1016	1.554027027	1				
1017	1.555459459	1				
1018	1.556891892	1				
1019	1.558324324	0				
1020	1.559756757	0				
1021	1.561189189	1				
1022	1.562621622	0				
1023	1.564054054	0				
