Channel	Energy	Counts
0		0
1		0
2		0
3		0
4		0
5		0
6		0
7		0
8		0
9		0
10		0
11		0
12		0
13		0
14		0
15		0
16		0
17		47
18		143
19		170
20		198
21		217
22		216
23		234
24		239
25		243
26		226
27		228
28		221
29		232
30		235
31		210
32		207
33		209
34		192
35		197
36		169
37		184
38		179
39		168
40		196
41		182
42		182
43		196
44		168
45		171
46		188
47		179
48		154
49		154
50		151
51		148
52		135
53		114
54		113
55		103
56		127
57		120
58		107
59		103
60		105
61		103
62		111
63		80
64		107
65		104
66		88
67		74
68		80
69		74
70		81
71		93
72		70
73		67
74		86
75		85
76		62
77		84
78		78
79		74
80		63
81		66
82		61
83		50
84		63
85		64
86		59
87		59
88		57
89		54
90		58
91		75
92		59
93		53
94		54
95		54
96		45
97		53
98		51
99		58
100		53
101		40
102		56
103		60
104		53
105		45
106		54
107		58
108		55
109		47
110		49
111		35
112		62
113		48
114		43
115		41
116		37
117		40
118		49
119		55
120		51
121		65
122		44
123		53
124		41
125		47
126		56
127		44
128		66
129		57
130		53
131		53
132		53
133		41
134		50
135		40
136		46
137		36
138		51
139		55
140		49
141		50
142		57
143		50
144		56
145		47
146		39
147		51
148		51
149		45
150		57
151		53
152		38
153		48
154		58
155		55
156		60
157		57
158		67
159		50
160		56
161		69
162		56
163		46
164		50
165		53
166		58
167		48
168		74
169		54
170		74
171		54
172		56
173		44
174		60
175		72
176		66
177		51
178		44
179		44
180		52
181		53
182		58
183		44
184		53
185		57
186		72
187		57
188		48
189		44
190		56
191		41
192		53
193		45
194		46
195		48
196		49
197		45
198		41
199		47
200		45
201		45
202		52
203		38
204		31
205		44
206		37
207		37
208		39
209		36
210		26
211		31
212		37
213		37
214		33
215		30
216		38
217		35
218		49
219		39
220		49
221		32
222		40
223		40
224		38
225		47
226		54
227		32
228		42
229		44
230		46
231		71
232		68
233		60
234		63
235		63
236		70
237		69
238		53
239		58
240		62
241		60
242		81
243		65
244		56
245		52
246		51
247		53
248		38
249		30
250		35
251		33
252		27
253		30
254		38
255		26
256		14
257		30
258		24
259		30
260		27
261		26
262		31
263		49
264		42
265		28
266		45
267		35
268		37
269		40
270		38
271		41
272		58
273		46
274		46
275		45
276		65
277		40
278		37
279		32
280		29
281		36
282		27
283		28
284		23
285		18
286		14
287		4
288		12
289		14
290		11
291		6
292		4
293		3
294		7
295		6
296		4
297		4
298		5
299		3
300		0
301		1
302		2
303		2
304		3
305		3
306		2
307		1
308		1
309		0
310		1
311		2
312		3
313		1
314		1
315		0
316		2
317		1
318		1
319		1
320		0
321		3
322		0
323		2
324		2
325		0
326		0
327		1
328		2
329		0
330		0
331		0
332		1
333		0
334		0
335		0
336		0
337		0
338		1
339		1
340		2
341		0
342		0
343		0
344		0
345		0
346		1
347		0
348		0
349		1
350		0
351		0
352		0
353		1
354		0
355		0
356		1
357		0
358		0
359		0
360		1
361		0
362		0
363		0
364		0
365		0
366		0
367		0
368		0
369		0
370		0
371		0
372		0
373		0
374		1
375		0
376		0
377		0
378		0
379		1
380		1
381		0
382		1
383		0
384		1
385		0
386		0
387		0
388		0
389		1
390		2
391		0
392		0
393		1
394		0
395		0
396		0
397		0
398		0
399		0
400		0
401		0
402		0
403		1
404		0
405		0
406		0
407		0
408		0
409		0
410		1
411		0
412		0
413		0
414		0
415		0
416		0
417		0
418		0
419		0
420		0
421		0
422		0
423		0
424		0
425		1
426		0
427		0
428		0
429		0
430		1
431		0
432		0
433		0
434		0
435		0
436		0
437		0
438		0
439		0
440		0
441		1
442		0
443		1
444		0
445		0
446		1
447		0
448		1
449		0
450		0
451		0
452		0
453		0
454		0
455		0
456		0
457		0
458		0
459		1
460		0
461		0
462		2
463		0
464		0
465		0
466		0
467		0
468		0
469		0
470		1
471		0
472		0
473		1
474		0
475		1
476		0
477		0
478		0
479		0
480		0
481		0
482		0
483		0
484		0
485		0
486		0
487		0
488		0
489		0
490		0
491		0
492		0
493		0
494		0
495		0
496		0
497		0
498		0
499		0
500		0
501		0
502		0
503		0
504		0
505		0
506		0
507		1
508		0
509		0
510		1
511		0
512		0
513		0
514		1
515		0
516		1
517		0
518		0
519		0
520		0
521		0
522		0
523		0
524		0
525		0
526		0
527		0
528		1
529		1
530		0
531		0
532		0
533		0
534		1
535		0
536		0
537		0
538		0
539		1
540		0
541		0
542		0
543		0
544		1
545		0
546		0
547		0
548		0
549		0
550		0
551		0
552		0
553		0
554		0
555		0
556		0
557		0
558		0
559		0
560		1
561		0
562		0
563		0
564		0
565		0
566		0
567		0
568		0
569		0
570		0
571		0
572		0
573		0
574		0
575		0
576		0
577		0
578		1
579		0
580		0
581		0
582		0
583		0
584		0
585		0
586		0
587		0
588		0
589		0
590		0
591		0
592		0
593		0
594		0
595		0
596		0
597		0
598		0
599		0
600		0
601		0
602		0
603		0
604		0
605		0
606		0
607		0
608		0
609		0
610		0
611		0
612		0
613		0
614		0
615		0
616		0
617		0
618		0
619		0
620		2
621		0
622		0
623		0
624		0
625		0
626		0
627		0
628		0
629		0
630		0
631		0
632		0
633		0
634		0
635		0
636		0
637		0
638		0
639		0
640		0
641		0
642		0
643		0
644		0
645		0
646		0
647		0
648		0
649		0
650		0
651		0
652		0
653		0
654		0
655		0
656		0
657		0
658		0
659		0
660		0
661		0
662		1
663		0
664		0
665		0
666		0
667		0
668		0
669		0
670		1
671		1
672		0
673		0
674		0
675		0
676		0
677		0
678		0
679		0
680		0
681		0
682		0
683		0
684		0
685		0
686		0
687		0
688		0
689		0
690		0
691		0
692		0
693		0
694		0
695		0
696		0
697		0
698		0
699		0
700		0
701		0
702		0
703		0
704		0
705		0
706		0
707		0
708		0
709		0
710		0
711		0
712		0
713		0
714		0
715		0
716		0
717		0
718		0
719		0
720		0
721		0
722		0
723		0
724		0
725		0
726		0
727		0
728		0
729		0
730		0
731		0
732		0
733		0
734		0
735		0
736		0
737		0
738		0
739		0
740		0
741		0
742		0
743		0
744		0
745		0
746		0
747		0
748		0
749		0
750		0
751		0
752		0
753		0
754		0
755		0
756		0
757		0
758		0
759		0
760		0
761		0
762		0
763		0
764		0
765		0
766		0
767		0
768		0
769		1
770		0
771		0
772		0
773		0
774		0
775		0
776		0
777		0
778		0
779		0
780		0
781		0
782		0
783		0
784		0
785		0
786		0
787		0
788		0
789		0
790		0
791		0
792		0
793		0
794		0
795		0
796		0
797		0
798		0
799		0
800		0
801		0
802		0
803		0
804		0
805		0
806		0
807		0
808		0
809		0
810		0
811		0
812		0
813		0
814		0
815		0
816		0
817		0
818		0
819		0
820		0
821		0
822		0
823		0
824		0
825		0
826		0
827		0
828		0
829		0
830		0
831		0
832		0
833		0
834		0
835		0
836		0
837		0
838		0
839		0
840		0
841		0
842		0
843		0
844		0
845		0
846		0
847		0
848		0
849		0
850		0
851		0
852		0
853		0
854		0
855		0
856		0
857		0
858		0
859		0
860		0
861		0
862		0
863		0
864		0
865		0
866		0
867		0
868		0
869		0
870		0
871		0
872		0
873		0
874		0
875		0
876		0
877		0
878		0
879		0
880		0
881		0
882		0
883		0
884		0
885		0
886		0
887		0
888		0
889		0
890		0
891		0
892		0
893		0
894		0
895		0
896		0
897		0
898		0
899		0
900		0
901		0
902		0
903		0
904		0
905		0
906		0
907		0
908		0
909		0
910		0
911		0
912		0
913		0
914		0
915		0
916		0
917		0
918		0
919		0
920		0
921		0
922		0
923		0
924		0
925		0
926		0
927		0
928		0
929		0
930		0
931		0
932		0
933		0
934		0
935		0
936		0
937		0
938		0
939		0
940		0
941		0
942		0
943		0
944		0
945		0
946		0
947		0
948		0
949		0
950		0
951		0
952		0
953		0
954		0
955		0
956		0
957		0
958		0
959		0
960		0
961		0
962		0
963		0
964		0
965		0
966		0
967		0
968		0
969		0
970		0
971		0
972		0
973		0
974		0
975		0
976		0
977		0
978		0
979		0
980		0
981		0
982		0
983		0
984		0
985		0
986		0
987		0
988		0
989		0
990		0
991		0
992		0
993		0
994		0
995		0
996		0
997		0
998		0
999		0
1000		0
1001		0
1002		0
1003		0
1004		0
1005		0
1006		0
1007		0
1008		0
1009		0
1010		0
1011		0
1012		0
1013		0
1014		1
1015		0
1016		0
1017		0
1018		0
1019		0
1020		0
1021		0
1022		0
1023		0
